trade_date,0
2017-11-10,
2017-11-13,
2017-11-14,
2017-11-15,
2017-11-16,
2017-11-17,
2017-11-20,
2017-11-21,
2017-11-22,
2017-11-23,
2017-11-24,
2017-11-27,
2017-11-28,
2017-11-29,
2017-11-30,
2017-12-01,
2017-12-04,
2017-12-05,
2017-12-06,
2017-12-07,
2017-12-08,
2017-12-11,
2017-12-12,
2017-12-13,
2017-12-14,
2017-12-15,
2017-12-18,
2017-12-19,
2017-12-20,
2017-12-21,
2017-12-22,
2017-12-26,
2017-12-27,
2017-12-28,
2017-12-29,
2018-01-02,
2018-01-03,
2018-01-04,
2018-01-05,
2018-01-08,
2018-01-09,
2018-01-10,
2018-01-11,
2018-01-12,
2018-01-15,
2018-01-16,
2018-01-17,
2018-01-18,
2018-01-19,
2018-01-22,
2018-01-23,
2018-01-24,
2018-01-25,
2018-01-29,
2018-01-30,
2018-01-31,
2018-02-01,
2018-02-02,
2018-02-05,
2018-02-06,
2018-02-07,0.11699268047173379
2018-02-08,0.03326766527713677
2018-02-09,0.021511652373171892
2018-02-12,0.019737000276510767
2018-02-14,0.017087667872278316
2018-02-15,0.04280667055041554
2018-02-16,0.04918433213452334
2018-02-19,0.07119032774950511
2018-02-20,0.06925198519772544
2018-02-21,0.04071390721600059
2018-02-22,0.030295117189324126
2018-02-23,0.03095624331669503
2018-02-26,0.029299413719930865
2018-02-27,0.027836456557282806
2018-02-28,0.00547909575547025
2018-03-01,-0.02337647204777086
2018-03-05,-0.03663919679064898
2018-03-06,-0.026759777755163902
2018-03-07,-0.09234048606567603
2018-03-08,-0.11293811735882098
2018-03-09,-0.07383687273954129
2018-03-12,-0.05532098930343021
2018-03-13,-0.06256898857230501
2018-03-14,-0.07473143994266888
2018-03-15,-0.0797651375905015
2018-03-16,-0.05609770616565793
2018-03-19,-0.03833533752340857
2018-03-20,-0.04924500515881615
2018-03-21,-0.05591046060942371
2018-03-22,-0.06349826891121854
2018-03-23,-0.07658939962576082
2018-03-26,-0.009011604395824688
2018-03-27,0.0023152764599311975
2018-03-28,0.02315017913975048
2018-04-02,-0.029159720298531325
2018-04-03,0.007067363806855714
2018-04-04,0.029079110163764063
2018-04-05,0.03574886628114892
2018-04-06,0.02985507900102174
2018-04-09,0.036321314791224225
2018-04-10,0.039080420792181575
2018-04-11,0.04092097194146451
2018-04-12,0.049892712740009636
2018-04-13,0.03833229510474738
2018-04-16,0.04435786827119058
2018-04-17,0.05470155765646908
2018-04-18,0.05234725556343826
2018-04-19,0.05387519269049556
2018-04-20,0.07335586406177763
2018-04-23,0.06001310175434284
2018-04-24,0.05228302820941971
2018-04-25,0.04492536749885324
2018-04-26,0.038399074975661966
2018-04-27,0.03069990054646813
2018-04-30,0.030462592452845754
2018-05-02,0.03061037505969728
2018-05-03,0.031437447771381244
2018-05-04,0.05265159526617314
2018-05-07,0.03878388537036061
2018-05-08,0.039061570347521946
2018-05-09,0.03557280616852396
2018-05-10,0.06848240537883037
2018-05-11,0.10232723003940704
2018-05-14,0.11079839033073771
2018-05-15,0.12921894943240886
2018-05-16,0.14335407654000323
2018-05-17,0.13599348677585646
2018-05-18,0.1396598944887933
2018-05-21,0.13331973878460274
2018-05-22,0.1608456792905143
2018-05-23,0.1531185985879662
2018-05-24,0.14722601110571504
2018-05-25,0.18083034290204555
2018-05-28,0.18230667806817202
2018-05-29,0.16372371221117082
2018-05-30,0.1661188081266435
2018-05-31,0.18976202597559452
2018-06-01,0.1866948487154449
2018-06-04,0.24484242343321738
2018-06-05,0.264402129639017
2018-06-06,0.26922124471560377
2018-06-07,0.2683687799239287
2018-06-08,0.268071023309005
2018-06-11,0.2736111695039777
2018-06-12,0.2741049814080492
2018-06-13,0.2541971412833987
2018-06-14,0.23832822998367742
2018-06-15,0.23410702970891634
2018-06-18,0.24078783972655923
2018-06-19,0.2481802993878937
2018-06-20,0.2821796291623534
2018-06-21,0.22109805947947592
2018-06-22,0.20622672364468714
2018-06-25,0.17726549200859537
2018-06-26,0.23775883809532875
2018-06-27,0.25316973748680877
2018-06-28,0.23384346073750498
2018-06-29,0.20114137112033545
2018-07-02,0.19004959920558678
2018-07-03,0.1614636954287746
2018-07-04,0.16059867033963487
2018-07-05,0.14252212181921134
2018-07-06,0.1304138955490833
2018-07-09,0.13895724349899838
2018-07-10,0.14286925290046196
2018-07-11,0.14163637758386727
2018-07-12,0.11724537368544763
2018-07-13,0.10958372666666824
2018-07-16,0.1187647557319856
2018-07-17,0.12332729726856735
2018-07-18,0.14707660925166446
2018-07-19,0.16637900912162698
2018-07-20,0.17626899537940965
2018-07-23,0.20393558901586575
2018-07-24,0.18992113421059578
2018-07-25,0.18096502548665735
2018-07-26,0.18823952119485476
2018-07-27,0.19480264713412718
2018-07-30,0.18511803526245513
2018-07-31,0.18538586976438678
2018-08-01,0.18116010335906121
2018-08-02,0.19561372591214693
2018-08-03,0.14139617276712335
2018-08-06,0.14387075530417726
2018-08-07,0.1442796823863279
2018-08-08,0.09313592113526283
2018-08-09,0.10304040524300634
2018-08-10,0.10051897368950378
2018-08-13,0.11299012425379248
2018-08-14,0.05661280983618428
2018-08-16,0.10495799246292066
2018-08-17,0.10768693224227825
2018-08-20,0.06687550623408592
2018-08-21,0.06122429030237751
2018-08-23,0.06290974647468
2018-08-24,0.07125819995443738
2018-08-27,0.13885812848477033
2018-08-28,0.14412269688002977
2018-08-29,0.1342603673078782
2018-08-30,0.13631952940835418
2018-08-31,0.12393064263127922
2018-09-03,0.11180911279247684
2018-09-04,0.10031227215715756
2018-09-05,0.11101116683834833
2018-09-06,0.1134601201027026
2018-09-07,0.11960775020261893
2018-09-10,0.1369587442527736
2018-09-11,0.1257660732480589
2018-09-12,0.1244561647517474
2018-09-14,0.17111865988856903
2018-09-17,0.19388450952882966
2018-09-18,0.16289580078543278
2018-09-19,0.17418764948720306
2018-09-21,0.13673593131610226
2018-09-24,0.18114885691025281
2018-09-25,0.16967306668987314
2018-09-26,0.16224296967509225
2018-09-27,0.19503381083845195
2018-09-28,0.2201276959324294
2018-10-01,0.25696363305167713
2018-10-03,0.18534463135021514
2018-10-04,0.206369710407154
2018-10-05,0.18571929067468054
2018-10-08,0.1966113608985455
2018-10-09,0.1946315974776311
2018-10-10,0.20722320846033404
2018-10-11,0.20427270825399987
2018-10-12,0.3423125010434551
2018-10-15,0.33105034194653854
2018-10-16,0.34356060571503594
2018-10-17,0.33800555002939914
2018-10-19,0.33480031941828137
2018-10-22,0.341855742855842
2018-10-23,0.3381225646445082
2018-10-24,0.3614982016220839
2018-10-25,0.367654741595423
2018-10-26,0.35933720027648125
2018-10-29,0.3773519627189306
2018-10-30,0.3837414259130904
2018-10-31,0.36618746701971977
2018-11-01,0.3599982805978137
2018-11-02,0.3992347157669829
2018-11-05,0.42149777107964664
2018-11-06,0.4196069224644571
2018-11-07,0.41057745094684556
2018-11-09,0.4109999065257643
2018-11-12,0.42065319903526044
2018-11-13,0.40644804136635676
2018-11-14,0.40637049939888764
2018-11-15,0.4583749874832595
2018-11-16,0.4637937253577384
2018-11-19,0.47575437299285434
2018-11-20,0.4735803843699893
2018-11-21,0.47514401220062014
2018-11-22,0.47497415061372555
2018-11-26,0.47761898948719206
2018-11-27,0.4536840573889252
2018-11-28,0.43700349868296595
2018-11-29,0.45067226006549926
2018-11-30,0.4518798029715903
2018-12-03,0.45430000133530285
2018-12-04,0.4458343986449786
2018-12-05,0.44743728640203123
2018-12-06,0.419050202037196
2018-12-07,0.4083948902292731
2018-12-10,0.3711549161000283
2018-12-11,0.35810565079627565
2018-12-12,0.34149940609039037
2018-12-13,0.3415729927814058
2018-12-14,0.3315505180356569
2018-12-17,0.3084804002773518
2018-12-18,0.31714709993605694
2018-12-19,0.3157783220097826
2018-12-20,0.3315805111277924
2018-12-21,0.266843772489601
2018-12-24,0.2753258148349526
2018-12-26,0.2842494837381482
2018-12-27,0.27834283594071574
2018-12-28,0.2808100687178781
2018-12-31,0.2735999562986759
2019-01-02,0.30669888305152004
2019-01-03,0.29038869394285755
2019-01-04,0.2994367018401875
2019-01-07,0.28787872892625155
2019-01-08,0.2813199891116771
2019-01-09,0.2770341101121762
2019-01-10,0.2883695924759688
2019-01-11,0.16076933797732382
2019-01-14,0.16546634694519177
2019-01-15,0.15514821077682936
2019-01-16,0.15749556192837344
2019-01-17,0.15416652475307857
2019-01-18,0.15118647642682273
2019-01-21,0.13657286105693717
2019-01-22,0.1306322059264823
2019-01-23,0.11112055336874335
2019-01-24,0.11383705059693101
2019-01-25,0.11336271734268144
2019-01-28,0.03636781873754775
2019-01-29,0.053115331593007145
2019-01-30,0.0499609747552977
2019-01-31,-0.06519643042418774
2019-02-01,-0.057886381197649814
2019-02-04,-0.059279152219335135
2019-02-05,-0.0470638026519032
2019-02-06,-0.05355455659662195
2019-02-07,-0.12760122089586887
2019-02-08,-0.09772473705937558
2019-02-11,-0.10360508201525216
2019-02-12,-0.09530458898990506
2019-02-14,-0.10796459427860701
2019-02-15,-0.1259341661084646
2019-02-18,-0.11927536812743222
2019-02-19,-0.1380445260118408
2019-02-20,-0.05510916870119709
2019-02-21,-0.054209475024233345
2019-02-22,-0.04592092066834122
2019-02-25,-0.02441736887855013
2019-02-26,-0.051485958734279975
2019-02-27,-0.05000661026670399
2019-02-28,-0.04499723198249481
2019-03-01,-0.05379924237647476
2019-03-05,-0.1374313506545137
2019-03-06,-0.11563633288080481
2019-03-07,-0.10804470076492838
2019-03-08,-0.06293668528802226
2019-03-11,-0.014004360528093446
2019-03-12,-0.03039716873363534
2019-03-13,-0.02700002149130558
2019-03-14,-0.028344731416509176
2019-03-15,-0.04251745850977573
2019-03-18,-0.040808880143811656
2019-03-19,-0.04569345915055125
2019-03-20,-0.04626938732244354
2019-03-22,0.01601591953167619
2019-03-25,-0.03145878719859243
2019-03-26,-0.022918142600384606
2019-03-27,-0.012273324629789082
2019-03-28,-0.042544674281146534
2019-04-01,-0.07787296319856057
2019-04-02,-0.08624462811486376
2019-04-03,-0.08134854461799113
2019-04-04,-0.09465473885755309
2019-04-05,-0.08868281343264581
2019-04-08,-0.09280561792169822
2019-04-09,-0.07874743539317965
2019-04-10,-0.08650586554926985
2019-04-11,-0.09232471584359882
2019-04-12,-0.10068139181635224
2019-04-15,-0.10944077023760906
2019-04-16,-0.11714680699699974
2019-04-18,-0.09665721229885718
2019-04-22,-0.09305548974054728
2019-04-23,-0.09491853545466222
2019-04-24,-0.11908074984658452
2019-04-25,-0.13037555171409004
2019-04-26,-0.12795152843779334
2019-04-30,-0.13938683049012474
2019-05-02,-0.0830024566171602
2019-05-03,-0.06930769770886769
2019-05-06,-0.09693180618973028
2019-05-07,-0.1175792907001976
2019-05-08,-0.1389472063231465
2019-05-09,-0.13169224828078357
2019-05-10,-0.13391315076236507
2019-05-13,-0.1438470838774391
2019-05-14,-0.11325200992402024
2019-05-15,-0.10576073092046742
2019-05-16,-0.0940432095007617
2019-05-17,-0.13836424886941606
2019-05-20,-0.18855079471106362
2019-05-21,-0.19181145025025098
2019-05-22,-0.1929777464278649
2019-05-23,-0.18778874649178218
2019-05-24,-0.2080713682615819
2019-05-27,-0.21015988856456838
2019-05-28,-0.22548673193294277
2019-05-29,-0.22541022890490847
2019-05-30,-0.22147202187762605
2019-05-31,-0.22643333737079682
2019-06-03,-0.16708061087524442
2019-06-04,-0.1836338052327342
2019-06-06,-0.1512063497638319
2019-06-07,-0.14435460925567872
2019-06-10,-0.14190261228941617
2019-06-11,-0.14729529227191848
2019-06-12,-0.18496175056295752
2019-06-13,-0.16612795167806568
2019-06-14,-0.18238593183350746
2019-06-17,-0.18120133447727252
2019-06-18,-0.16321306451324397
2019-06-19,-0.16933035935716154
2019-06-20,-0.17184635346567165
2019-06-21,-0.21698852253533002
2019-06-24,-0.21872505275709037
2019-06-25,-0.1859310578625475
2019-06-26,-0.20759532168373077
2019-06-27,-0.21485028997685218
2019-06-28,-0.20068499054685862
2019-07-01,-0.17740747865337705
2019-07-02,-0.18088378607082195
2019-07-03,-0.17727061512728254
2019-07-04,-0.17991993959736186
2019-07-05,-0.19571046350348587
2019-07-08,-0.10160486390618573
2019-07-09,-0.10729204996244426
2019-07-10,-0.10068321796609096
2019-07-11,-0.08754278565864781
2019-07-12,-0.07126551508023474
2019-07-15,-0.06945470449905305
2019-07-16,-0.06179886046545914
2019-07-17,-0.0735488644076563
2019-07-18,-0.09307431441256744
2019-07-19,-0.09652198214762568
2019-07-22,-0.07795260632079201
2019-07-23,-0.07322687435365126
2019-07-24,-0.063480795001577
2019-07-25,-0.06351887543739497
2019-07-26,-0.06944117563789425
2019-07-29,-0.07392893133660766
2019-07-30,-0.05988680990048128
2019-07-31,-0.055008942337310476
2019-08-01,-0.04350934312777121
2019-08-02,-0.051739464251868435
2019-08-05,-0.09065703210250169
2019-08-06,-0.0698532278994153
2019-08-07,-0.09085976731428472
2019-08-08,-0.01738366373195434
2019-08-09,-0.028360106612703044
2019-08-13,-0.004355196004650802
2019-08-14,0.08317413193792592
2019-08-16,0.08558173696526113
2019-08-19,0.08780682479183526
2019-08-20,0.09099571853710302
2019-08-21,0.06766347618168003
2019-08-22,0.08149259809015648
2019-08-23,0.06413374048402187
2019-08-26,0.13484901279101716
2019-08-27,0.1309253301282515
2019-08-28,0.12432275105725814
2019-08-29,0.09600215579964803
2019-08-30,0.08577796660459085
2019-09-03,0.12018539403975383
2019-09-04,0.13279237412042144
2019-09-05,0.13308268798801676
2019-09-06,0.08673636264022098
2019-09-09,0.07394725561043156
2019-09-11,0.06096236335047031
2019-09-12,0.0653002686443269
2019-09-13,0.06481652850233573
2019-09-16,0.07399863504820949
2019-09-17,0.05095572507343937
2019-09-18,0.06053460701838541
2019-09-19,0.1260180703591912
2019-09-20,0.03057651724139833
2019-09-23,0.03583635268019304
2019-09-24,0.034891943779327195
2019-09-25,0.025798265582451022
2019-09-26,-0.014301076757015682
2019-09-27,-0.014728301054028507
2019-09-30,0.0010873316379459426
2019-10-01,0.033206474965101616
2019-10-03,0.021003309135508758
2019-10-04,0.028919120307392115
2019-10-07,-0.021577041627881
2019-10-09,-0.040150749071919165
2019-10-10,-0.04542278241294501
2019-10-11,-0.06356346989628744
2019-10-14,-0.06986273658715705
2019-10-15,-0.06490730101156639
2019-10-16,-0.06985638062162997
2019-10-17,-0.058321936246361866
2019-10-18,-0.0477164495772314
2019-10-22,-0.03453572932482521
2019-10-23,-0.03618896325501596
2019-10-24,-0.03787830171695249
2019-10-25,-0.042039110075702206
2019-10-29,-0.057749829857182244
2019-10-30,-0.05746650329344044
2019-10-31,-0.05339993377164424
2019-11-01,-0.05334937166154494
2019-11-04,-0.056553755398497295
2019-11-05,-0.06392374541580739
2019-11-06,-0.06936305037398323
2019-11-07,-0.03472758935065143
2019-11-08,-0.018959222097655506
2019-11-11,-0.010758261516940612
2019-11-13,-0.060543666292428015
2019-11-14,-0.0533686749969833
2019-11-15,-0.037634248264488114
2019-11-18,-0.03456681321841652
2019-11-19,-0.03415619031567467
2019-11-20,-0.033450740102009116
2019-11-21,-0.03992919507686811
2019-11-22,-0.027983224855965286
2019-11-25,-0.02602137304506145
2019-11-26,-0.018090564871821813
2019-11-27,-0.08718623134501816
2019-11-28,-0.08710602533091732
2019-11-29,-0.06874921051785927
2019-12-02,-0.07456046379151392
2019-12-03,-0.06678338785080995
2019-12-04,-0.08110650856496301
2019-12-05,-0.09142650399784812
2019-12-06,-0.09507100928220301
2019-12-09,-0.06579405521576702
2019-12-10,-0.0626738457636273
2019-12-11,-0.05809369581965547
2019-12-12,-0.050379873721763516
2019-12-13,-0.057474172156595976
2019-12-16,-0.07121363814009901
2019-12-17,-0.04041689150553696
2019-12-18,-0.040428897844233314
2019-12-19,-0.035154621580557044
2019-12-20,0.035039772327120404
2019-12-23,-0.01471239633049036
2019-12-24,-0.016767931627157506
2019-12-26,-0.021255633430813582
2019-12-27,0.0653620249223858
2019-12-30,0.06968049700598053
2019-12-31,0.05962600507185486
2020-01-01,-0.03370690608169001
2020-01-02,0.025873724271480932
2020-01-03,0.04263962121148298
2020-01-06,-0.09350173472477664
2020-01-07,-0.038745421046071184
2020-01-08,-0.02589562550403712
2020-01-09,-0.06532509970865047
2020-01-10,-0.06294290295845258
2020-01-13,-0.07152722612324126
2020-01-14,-0.06839765261470913
2020-01-15,-0.08976593730651387
2020-01-16,-0.09511000482782742
2020-01-17,-0.11875537237138437
2020-01-20,-0.11181791876212491
2020-01-21,-0.11807061134631637
2020-01-22,-0.11081351884508549
2020-01-23,-0.07257300305203011
2020-01-24,-0.05557996654002447
2020-01-27,-0.07303310681895832
2020-01-28,-0.08533575753936196
2020-01-29,-0.0934283457983994
2020-01-30,-0.09196351031165312
2020-01-31,-0.08550123109088574
2020-02-03,-0.07532974888666177
2020-02-04,-0.19184918561048656
2020-02-05,-0.23597282504433204
2020-02-06,-0.25293697549420247
2020-02-07,-0.26375397572048653
2020-02-10,-0.27133887834691933
2020-02-11,-0.26595587756571
2020-02-12,-0.28332558457301543
2020-02-13,-0.2851520257448207
2020-02-14,-0.2922685420571473
2020-02-17,-0.3091846806225225
2020-02-18,-0.3149673364337054
2020-02-19,-0.27172268121501003
2020-02-20,-0.27730693492911457
2020-02-24,-0.37850816967187606
2020-02-25,-0.394345550232332
2020-02-26,-0.3186068436653599
2020-02-27,-0.3164619520487245
2020-02-28,-0.27080397151628005
2020-03-02,-0.15245379736548573
2020-03-03,-0.094200728503963
2020-03-04,-0.10212850945796172
2020-03-05,-0.10535152071999591
2020-03-06,-0.15118452030697144
2020-03-09,-0.1343101577607786
2020-03-11,-0.13195448055416223
2020-03-12,0.011016735428326097
2020-03-13,-0.11121793033824735
2020-03-16,0.1609379398908539
2020-03-17,0.18435550878311682
2020-03-18,0.08868485507524665
2020-03-19,0.11847457735364525
2020-03-20,0.1127619861173697
2020-03-23,0.06887894207939292
2020-03-24,0.12323067666015765
2020-03-25,0.23696921030742546
2020-03-26,0.2048147500550688
2020-03-27,0.20694362301319338
2020-03-30,0.22269480753479493
2020-03-31,0.21588763637621095
2020-04-01,0.24368407700555056
2020-04-03,0.2255712492457285
2020-04-07,0.27988519148549834
2020-04-08,0.2868564032315749
2020-04-09,0.28286968104651417
2020-04-13,0.26364781511519103
2020-04-15,0.26458081064610606
2020-04-16,0.25672115959256153
2020-04-17,0.24867808176413642
2020-04-20,0.2448674881357255
2020-04-21,0.23965768380622438
2020-04-22,0.22686658525400985
2020-04-23,0.23495920654235164
2020-04-24,0.23527378867332477
2020-04-27,0.23033989170360725
2020-04-28,0.22714084794464354
2020-04-29,0.22524252141693724
2020-04-30,0.22032213909139628
2020-05-04,0.22409781472216714
2020-05-05,0.2237377440586477
2020-05-06,0.22260723212675784
2020-05-07,0.22710828644567138
2020-05-08,0.23759388042587215
2020-05-11,0.23612189600711272
2020-05-12,0.2356059540774581
2020-05-13,0.23690227650997242
2020-05-14,0.2336095361730369
2020-05-15,0.23663790140831503
2020-05-18,0.23033209848266487
2020-05-19,0.22549317493604384
2020-05-20,0.22761061351675752
2020-05-21,0.22790808807352445
2020-05-22,0.22480077669484125
2020-05-26,0.22511735214802994
2020-05-27,0.2178947080874969
2020-05-28,0.21930798588722586
2020-05-29,0.21820958278063335
2020-06-01,0.22463182820929822
2020-06-02,0.2250051257895091
2020-06-03,0.22913181960644785
2020-06-04,0.22327010296761665
2020-06-05,0.23259614270487625
2020-06-08,0.22659883671489806
2020-06-09,0.2328152969285446
2020-06-10,0.24040841081213346
2020-06-11,0.24094671275835933
2020-06-12,0.23025711349154807
2020-06-15,0.27210178925767065
2020-06-16,0.18594494940135733
2020-06-17,0.17123196111905248
2020-06-18,0.22086792104397507
2020-06-19,0.19703151632294605
2020-06-22,0.2057937286285651
2020-06-23,0.2659124156176608
2020-06-24,0.23721232734656028
2020-06-25,0.1012906278644602
2020-06-26,0.13956921550401635
2020-06-29,0.13767512740250515
2020-06-30,0.09538555422131599
2020-07-01,0.10738842583104251
2020-07-02,0.03294266196458799
2020-07-03,0.07658003168586608
2020-07-06,-0.10079408229890793
2020-07-07,-0.1073564535319351
2020-07-08,-0.11576719351487774
2020-07-09,-0.06362845595600072
2020-07-10,-0.045288076842977094
2020-07-13,-0.03864600159146463
2020-07-14,-0.03932276682859585
2020-07-15,-0.046051357920895056
2020-07-16,-0.02593191296105552
2020-07-17,-0.004649244432718562
2020-07-20,-0.038150074292527834
2020-07-21,-0.02989285239534135
2020-07-22,-0.030521598333781774
2020-07-23,-0.017669237730204894
2020-07-24,-0.019855781106006207
2020-07-27,-0.0019044052493200133
2020-07-28,-0.03810750033333969
2020-07-29,-0.03718379886191365
2020-07-30,-0.03884439186154189
2020-07-31,-0.05518807822613447
2020-08-03,-0.08729013805870206
2020-08-04,-0.09412349553575043
2020-08-05,-0.11121559508272347
2020-08-06,-0.10728939288192067
2020-08-07,-0.10247415101839977
2020-08-10,-0.09707762907943826
2020-08-11,-0.06698485037115685
2020-08-12,-0.017506661764091002
2020-08-13,-0.02999306244656681
2020-08-14,-0.04779430990992201
2020-08-17,-0.0820434261287593
2020-08-18,-0.050271356062334606
2020-08-19,0.02276811247946031
2020-08-20,0.057963513371325825
2020-08-21,0.05284424253544132
2020-08-24,0.015547399863187596
2020-08-25,0.019645581903822172
2020-08-26,0.02099320345344847
2020-08-27,0.003459472001076172
2020-08-28,-0.019566053411014053
2020-08-31,-0.08855483439727477
2020-09-01,-0.06936334126638467
2020-09-02,-0.07574918059561898
2020-09-03,-0.07941051170637337
2020-09-04,-0.06814427169942827
2020-09-07,-0.07953687845962848
2020-09-08,-0.06818702824406318
2020-09-09,-0.0676964087346184
2020-09-10,-0.05422311305681436
2020-09-11,-0.04601039492623947
2020-09-14,-0.0472201726488301
2020-09-15,-0.05229582001637212
2020-09-16,-0.03336786634945779
2020-09-17,-0.036679304217828564
2020-09-18,-0.026527881239883467
2020-09-21,-0.03687337169348511
2020-09-22,0.006435097715288966
2020-09-23,-0.007648475642750656
2020-09-24,0.10076716727289955
2020-09-25,0.10821560968807589
2020-09-28,0.08511570452610992
2020-09-29,0.08318288875096058
2020-09-30,0.09556338442069706
2020-10-01,0.0801985108312191
2020-10-05,0.07876042790701833
2020-10-06,0.08703782117111429
2020-10-07,0.1010442271567836
2020-10-08,0.09168371255228504
2020-10-09,0.09375473784662797
2020-10-12,0.1078658710878109
2020-10-13,0.10320393116743239
2020-10-14,0.09282374323693897
2020-10-15,0.07521040247691674
2020-10-16,0.06660318334471685
2020-10-19,0.06998777985259992
2020-10-20,0.07425590954189858
2020-10-21,0.04416908545361544
2020-10-22,0.049315465405956924
2020-10-23,0.05315210668537449
2020-10-26,0.04801964220087652
2020-10-27,0.07677123815736257
2020-10-28,0.06469577178682281
2020-10-29,0.07889293768770994
2020-10-30,0.06412270838932245
2020-11-02,0.06522610434682587
2020-11-03,0.0907409181942786
2020-11-04,0.09653843391564897
2020-11-05,0.07526208792615867
2020-11-06,0.11275249233891692
2020-11-09,0.13979006370424887
2020-11-10,0.048147167762180205
2020-11-11,0.027747905704524498
2020-11-12,0.03321137929763279
2020-11-13,0.007270150626977225
2020-11-17,0.023901191080678216
2020-11-18,0.02283082847109292
2020-11-19,0.03249267818322186
2020-11-20,0.03353113383183595
2020-11-23,0.03902987975756539
2020-11-24,0.02618653016825516
2020-11-25,0.14531954732845573
2020-11-26,0.14443910185682998
2020-11-27,0.1426860589660058
2020-12-01,0.11812130164184233
2020-12-02,0.10584639764704938
2020-12-03,0.10470064485180854
2020-12-04,0.109886110324806
2020-12-07,0.11508645795066505
2020-12-08,0.10402649989035954
2020-12-09,0.11018052573227333
2020-12-10,0.11945568804887921
2020-12-11,0.11493682934931666
2020-12-14,0.11380520434418397
2020-12-15,0.1202276407983467
2020-12-16,0.12498736017772775
2020-12-17,0.1581667753469056
2020-12-18,0.11293702285798009
2020-12-21,0.10436075927169529
2020-12-22,0.012102709763334787
2020-12-23,-0.00684725196140757
2020-12-24,0.008989319206771236
2020-12-28,0.016081983883272526
2020-12-29,0.018390366237071177
2020-12-30,0.024948844820869155
2020-12-31,0.01728666114281847
2021-01-01,0.006396351420617444
2021-01-04,0.010628745052739134
2021-01-05,0.02439081047874976
2021-01-06,0.01941521785541806
2021-01-07,0.035075845346939714
2021-01-08,0.04039397665836568
2021-01-11,0.0005982565473028029
2021-01-12,0.03354415285014138
2021-01-13,0.03441880410589136
2021-01-14,0.03386570169270047
2021-01-15,0.03655463807245734
2021-01-18,0.034691526659092406
2021-01-19,0.021253794591995757
2021-01-20,0.024944220562186398
2021-01-21,0.012382134863158345
2021-01-22,0.011331859651701554
2021-01-25,0.028317953678865714
2021-01-27,0.015894707506515632
2021-01-28,0.017148666192867253
2021-01-29,0.02461763749691345
2021-02-01,0.040889118089570395
2021-02-02,0.05343810970891317
2021-02-03,0.053149119250316255
2021-02-04,0.029330490258332877
2021-02-05,0.02646626235498876
2021-02-08,0.11622242336136718
2021-02-09,0.1009924380296717
2021-02-10,0.09333900151058958
2021-02-11,0.09470392566519321
2021-02-12,0.08885891476311951
2021-02-15,0.08937484542611887
2021-02-16,0.08010007466722908
2021-02-17,0.09900746202845169
2021-02-18,0.11108196810134596
2021-02-19,0.1274885446028199
2021-02-22,0.0814285364862933
2021-02-23,0.0800982225242518
2021-02-24,0.07633665721483632
2021-02-25,0.0933871780775829
2021-02-26,0.15196384463091978
2021-03-01,0.10216374700373206
2021-03-02,0.0938989973407189
2021-03-03,0.10760143072805778
2021-03-04,0.12015313747750048
2021-03-05,0.12323071966150757
2021-03-08,0.11462941460630988
2021-03-09,0.10389253991272568
2021-03-10,0.10792465104007311
2021-03-12,0.10119689930927117
2021-03-15,0.09212815180446558
2021-03-16,0.08890100074148498
2021-03-17,0.08588551392009126
2021-03-18,0.09371760298047103
2021-03-19,0.10150855172417535
2021-03-22,0.10581038298732662
2021-03-23,0.09973052663061938
2021-03-24,0.10810768757970579
2021-03-25,0.09507832256477396
2021-03-26,0.08897856626942635
2021-03-30,0.07302873554899816
2021-03-31,0.08968824303245626
2021-04-01,0.10816216194751307
2021-04-05,0.08283310866356737
2021-04-06,0.08665998426799064
2021-04-07,0.09520843116665105
2021-04-08,0.08933993292896086
2021-04-09,0.14544519381449855
2021-04-12,0.16275767816168224
2021-04-13,0.15117917064608233
2021-04-15,0.1518420197301703
2021-04-16,0.15210351908663042
2021-04-19,0.13291644408653505
2021-04-20,0.15983109657506078
2021-04-22,0.16423703776228676
2021-04-23,0.17605333140004437
2021-04-26,0.1758558094998307
2021-04-27,0.1734235873091466
2021-04-28,0.17010759713182771
2021-04-29,0.1672707902118498
2021-04-30,0.16586715940440397
2021-05-03,0.1471523614975991
2021-05-04,0.10294107002837335
2021-05-05,0.11693509026508339
2021-05-06,0.12061245359586832
2021-05-07,0.14751277175283373
2021-05-10,0.13676175533734714
2021-05-11,0.13550846192791977
2021-05-12,0.13607874467850228
2021-05-14,0.13440321729185184
2021-05-17,0.15107650061839897
2021-05-18,0.17506546097953746
2021-05-19,0.175151417324838
2021-05-20,0.1571052598348193
2021-05-21,0.1441121527494267
2021-05-24,0.14424569429111078
2021-05-25,0.14874434156051847
2021-05-26,0.1534030629392224
2021-05-27,0.16213877265187698
2021-05-28,0.1649645714849493
2021-05-31,0.09330262392197271
2021-06-01,0.18135850860741942
2021-06-02,0.19239695266535753
2021-06-03,0.18066705210235634
2021-06-04,0.15693247131688576
2021-06-07,0.14506369675501474
2021-06-08,0.14476790656374616
2021-06-09,0.178967825750203
2021-06-10,0.16895934394559858
2021-06-11,0.17317770278575342
2021-06-14,0.16652862589497291
2021-06-15,0.1624256814791891
2021-06-16,0.17248141348327667
2021-06-17,0.16347346714569058
2021-06-18,0.13693221572647457
2021-06-21,0.13651464425808282
2021-06-22,0.13853033466308837
2021-06-23,0.12056417312163924
2021-06-24,0.1387038940771144
2021-06-25,0.14810258886916475
2021-06-28,0.18774025896974117
2021-06-29,0.1552605133970448
2021-06-30,0.12872739314828585
2021-07-01,0.15321236020403897
2021-07-02,0.1539809596941173
2021-07-05,0.14167006827557407
2021-07-06,0.1407388440681249
2021-07-07,0.1519090065181954
2021-07-08,0.0941720638277029
2021-07-09,0.12108677612041908
2021-07-12,0.11821878274492373
2021-07-13,0.11062402594067601
2021-07-14,0.15792409233874088
2021-07-15,0.1543109556608903
2021-07-16,0.13609425686832025
2021-07-19,0.14919722517626807
2021-07-20,0.1638842987301363
2021-07-22,0.1501401409145287
2021-07-23,0.15839681549367537
2021-07-26,0.16098803119920704
2021-07-27,0.15676017915686496
2021-07-28,0.15600867518861564
2021-07-29,0.20747693684715035
2021-07-30,0.21182923943604795
2021-08-02,0.18071823425348207
2021-08-03,0.1644060799910166
2021-08-04,0.1394430512635922
2021-08-05,0.15020194705587225
2021-08-06,0.1560284810697135
2021-08-09,0.1446997699856861
2021-08-10,0.10991194083078158
2021-08-11,0.05388892462359344
2021-08-12,0.07219726512741081
2021-08-13,0.10081655757446452
2021-08-16,0.10118293091646735
2021-08-17,0.10475144633277036
2021-08-18,0.10601681996142148
2021-08-20,0.09690062490347905
2021-08-23,0.09664511552721122
2021-08-24,0.12655176266660156
2021-08-25,0.12646833116620754
2021-08-26,0.1311000285792416
2021-08-27,0.13431454339989166
2021-08-30,0.17699530221701104
2021-08-31,0.15004824857729224
2021-09-01,0.13258137256543892
2021-09-02,0.13304582611433677
2021-09-03,0.12869694592176564
2021-09-06,0.1278113495074311
2021-09-07,0.11474068499520498
2021-09-08,0.12166093209438542
2021-09-09,0.12679845842036824
2021-09-13,0.11781481159856202
2021-09-14,0.12600404705839063
2021-09-15,0.13337526689708037
2021-09-16,0.12278384015631096
2021-09-17,0.15136292512466487
2021-09-20,0.15207214928640178
2021-09-21,0.16382542198337785
2021-09-22,0.15875093359308698
2021-09-23,0.15505486558820245
2021-09-24,0.1573919224461878
2021-09-27,0.1464180800343681
2021-09-28,0.1518736639164099
2021-09-29,0.1604774578387992
2021-09-30,0.17610785977613602
2021-10-01,0.1297876672956027
2021-10-04,0.12756567057553236
2021-10-05,0.15774951977402815
2021-10-06,0.1647446083665672
2021-10-07,0.16943338197664679
2021-10-08,0.1723662608611055
2021-10-11,0.17191848546075636
2021-10-12,0.16701079206296923
2021-10-13,0.1734051817265302
2021-10-14,0.1879442084002627
2021-10-18,0.15690334459516392
2021-10-19,0.1693703511144299
2021-10-20,0.15479414036178346
2021-10-21,0.1325597951348996
2021-10-22,0.13277291810199823
2021-10-25,0.12900136704911744
2021-10-26,0.13717514436741324
2021-10-27,0.17020578313861942
2021-10-28,0.15297731282167334
2021-10-29,0.13459913904888873
2021-11-01,0.10198549826200456
2021-11-02,0.09394337584952363
2021-11-03,0.09460596179773902
2021-11-04,0.08324036050682898
2021-11-08,0.12980652600170772
2021-11-09,0.1261175288303149
2021-11-10,0.1167232395103892
2021-11-11,0.0974680420915855
2021-11-12,0.1169330878306621
2021-11-15,0.11428965164575677
2021-11-16,0.11494130944435332
2021-11-17,0.1209229982600576
2021-11-18,0.10068188379958033
2021-11-22,0.12948400821768005
2021-11-23,0.09785958415500691
2021-11-24,0.11203703498719371
2021-11-25,0.11002407609648547
2021-11-26,0.0612075620342203
2021-11-29,0.0725325078266796
2021-11-30,0.07621630673363065
2021-12-01,0.06669857306450544
2021-12-02,0.08121913627066407
2021-12-03,0.10620607642689071
2021-12-06,0.06447111596751522
2021-12-07,0.05727894738976917
2021-12-08,0.0659507065522699
2021-12-09,0.06607168174123702
2021-12-10,0.06601172247701628
2021-12-13,0.047351313176793905
2021-12-14,0.055247839862024375
2021-12-15,0.05805554040472253
2021-12-16,0.05028460828778906
2021-12-17,-0.020025239259003614
2021-12-20,-0.033911642910789866
2021-12-21,-0.046300966991239666
2021-12-22,-0.04656338831312122
2021-12-23,-0.03566481999594474
2021-12-24,-0.03572430884081565
2021-12-27,-0.03329946939985899
2021-12-28,-0.04599222152011159
2021-12-29,-0.03087567636548226
2021-12-30,-0.031882487576014154
2021-12-31,-0.03247266032617776
2022-01-03,-0.016454208730749122
2022-01-04,-0.04696545282778368
2022-01-05,-0.034800746839722015
2022-01-06,-0.043465735459266866
2022-01-07,-0.05536087784534334
2022-01-10,-0.04987577585223814
2022-01-11,-0.08861816649429548
2022-01-12,-0.04874473976047411
2022-01-13,-0.047605632516394616
2022-01-14,-0.04428868865627517
2022-01-17,-0.03759673094288104
2022-01-18,-0.03259071975595398
2022-01-19,-0.028853231239857526
2022-01-20,-0.06664611066249447
2022-01-21,-0.06961883522038473
2022-01-24,-0.029657094559263592
2022-01-25,-0.01933193360603312
2022-01-27,0.02152581432773847
2022-01-28,0.021441518615119625
2022-01-31,0.007730368123457313
2022-02-01,0.03432678373693125
2022-02-02,-0.0049345968082857685
2022-02-03,-0.015354215319781003
2022-02-04,-0.013753011686373074
2022-02-07,-0.007313067521865453
2022-02-08,-0.02405792163555278
2022-02-09,-0.01605942547477411
2022-02-10,-0.008562551252063127
2022-02-11,-0.016607511386036524
2022-02-14,-0.01974709661777547
2022-02-15,0.024326786545949147
2022-02-16,0.051829638944146335
2022-02-17,0.039465972288409555
2022-02-18,0.03543061053746083
2022-02-21,0.03408047672345548
2022-02-22,0.03683170648226569
2022-02-23,0.03370025844869133
2022-02-24,0.03759116851830236
2022-02-25,0.05860514969128164
2022-02-28,0.003915666336299873
2022-03-02,-0.015315765473506777
2022-03-03,0.004878621036931255
2022-03-04,-0.01118731918107363
2022-03-07,-0.054784710991921504
2022-03-08,-0.03332874549267009
2022-03-09,0.02963276951186955
2022-03-10,-0.02799530647350871
2022-03-11,-0.03378607990551669
2022-03-14,-0.04890669833438703
2022-03-15,0.0013806796325841854
2022-03-16,-0.029434134559007244
2022-03-17,-0.04622660239883068
2022-03-21,-0.051671341013209054
2022-03-22,-0.05790927829903867
2022-03-23,-0.05577007453683189
2022-03-24,-0.05918425230484692
2022-03-25,-0.06130376663863331
2022-03-28,-0.06360069809804998
2022-03-29,-0.06924785451686406
2022-03-30,-0.08785554387588669
2022-03-31,-0.1032155733986743
2022-04-01,-0.07594073744655497
2022-04-04,-0.11785445984017802
2022-04-05,-0.11537451386213811
2022-04-06,-0.10579786048382735
2022-04-07,-0.10652024757739736
2022-04-08,-0.09918552114994918
2022-04-11,-0.11226519150891673
2022-04-12,-0.11370965386227126
2022-04-13,-0.11566109769422803
2022-04-18,-0.11028175125223762
2022-04-19,-0.1202834847714248
2022-04-20,-0.14046653011235674
2022-04-21,-0.130259912069451
2022-04-22,-0.12416023164681646
2022-04-25,-0.13562488040142373
2022-04-26,-0.16713850131242303
2022-04-27,-0.1787705425728694
2022-04-28,-0.19542470562070172
2022-04-29,-0.18879604423137458
2022-05-02,-0.19829063274438713
2022-05-04,-0.13832427671431483
2022-05-05,-0.13408232306872325
2022-05-06,-0.13866295203478105
2022-05-09,-0.13953836292830854
2022-05-10,-0.1374522840588988
2022-05-11,-0.1382196628782901
2022-05-12,-0.15536906557916308
2022-05-13,-0.15320693266549812
2022-05-16,-0.15447861097442087
2022-05-17,-0.19796515622941424
2022-05-18,-0.1989502030876983
2022-05-19,-0.19211785944271517
2022-05-20,-0.1411529351315596
2022-05-23,-0.141200081893941
2022-05-24,-0.1432704722363857
2022-05-25,-0.14727788492897428
2022-05-26,-0.16075939538588105
2022-05-27,-0.1901680015068618
2022-05-30,-0.171884519188141
2022-05-31,-0.14385964248291025
2022-06-01,-0.1519338466801777
2022-06-02,-0.13768130614012267
2022-06-03,-0.09436115095651249
2022-06-06,-0.11248144228461682
2022-06-07,-0.19071615098862488
2022-06-08,-0.14728149871497892
2022-06-09,-0.14583558454886836
2022-06-10,-0.1295019876037232
2022-06-13,-0.19641211107878315
2022-06-14,-0.14394132242542307
2022-06-15,-0.11580428312977442
2022-06-16,-0.11314255268472824
2022-06-17,-0.11949653730119325
2022-06-20,-0.11987569456508049
2022-06-21,-0.13262821988778978
2022-06-22,-0.13000282434334962
2022-06-23,-0.12547049201115698
2022-06-24,-0.12416771340625038
2022-06-27,-0.10092935382372195
2022-06-28,-0.10288528217523288
2022-06-29,-0.12417601283179158
2022-06-30,-0.07448567588262162
2022-07-01,-0.07173878206372339
2022-07-04,-0.07267119625313274
2022-07-05,-0.07463566721264707
2022-07-06,-0.1280811193071827
2022-07-07,-0.143994808756272
2022-07-08,-0.13655352342064947
2022-07-11,-0.13495917406040445
2022-07-12,-0.1265991440508907
2022-07-13,-0.11116348156260483
2022-07-14,-0.09110046540949478
2022-07-15,-0.11153467911500392
2022-07-18,-0.1113217235815034
2022-07-19,-0.11750971424574386
2022-07-20,-0.07081383542961732
2022-07-21,-0.06596417456318787
2022-07-22,-0.03973452986144745
2022-07-25,-0.04360042321391568
2022-07-26,-0.03648536008116158
2022-07-27,-0.1243759635482266
2022-07-28,-0.11491827837919628
2022-07-29,-0.050971946866984454
2022-08-01,-0.02962909807934467
2022-08-02,-0.04126008441969764
2022-08-03,-0.05015307984059901
2022-08-04,-0.015228490749852034
2022-08-05,-0.02669431581745081
2022-08-08,-0.032127526364251216
2022-08-10,-0.05248580083129691
2022-08-11,-0.04985969979586949
2022-08-12,-0.05987245638875926
2022-08-16,-0.15719106424207374
2022-08-17,-0.16045221885274
2022-08-18,-0.15262268671607906
2022-08-19,-0.12884993400725955
2022-08-22,-0.09889163129097449
2022-08-23,-0.10850482536305359
2022-08-24,-0.11413074961456676
2022-08-25,-0.11228481277442261
2022-08-26,-0.11455728005135199
2022-08-29,-0.07389136920751549
2022-08-30,-0.05376312226347174
2022-09-01,-0.02155271216074776
2022-09-02,-0.023975067563330156
2022-09-05,-0.0162705665359629
2022-09-06,-0.02450281179670887
2022-09-07,-0.023694839561909018
2022-09-08,0.08471389443458811
2022-09-09,0.06416566474886332
2022-09-12,0.05906250063245474
2022-09-13,0.09892945600261555
2022-09-14,0.15765835292047756
2022-09-15,0.1647156433105599
2022-09-16,0.2655417824221527
2022-09-19,0.28227827759834306
2022-09-20,0.2747899798275185
2022-09-21,0.28490244485645
2022-09-22,0.27254071070796243
2022-09-23,0.2354153757097697
2022-09-26,0.2831160425620775
2022-09-27,0.282937457653187
2022-09-28,0.26898277827645733
2022-09-29,0.2365735798060344
2022-09-30,0.23116208019539294
2022-10-03,0.2728565528865178
2022-10-04,0.36612756348167486
2022-10-06,0.3647523208233045
2022-10-07,0.3651219333962205
2022-10-10,0.3618648772854031
2022-10-11,0.3969218279372099
2022-10-12,0.40896357963333846
2022-10-13,0.4459224523873733
2022-10-14,0.45233422801227674
2022-10-17,0.415922027742554
2022-10-18,0.42763611820344294
2022-10-19,0.432966997583912
2022-10-20,0.41588779093959694
2022-10-21,0.43159699082812614
2022-10-24,0.4382386925042599
2022-10-25,0.44081358467805193
2022-10-27,0.44976162393324187
2022-10-28,0.423884800341163
2022-10-31,0.37402035304349945
2022-11-01,0.3722075188216639
2022-11-02,0.36360430150345135
2022-11-03,0.36282728280495685
2022-11-04,0.3652183656049323
2022-11-07,0.37092512245142434
2022-11-09,0.3427758758576172
2022-11-10,0.3408588654777188
2022-11-11,0.38733654943990387
2022-11-14,0.3892099193328078
2022-11-15,0.39770635426792417
2022-11-16,0.3997356514513432
2022-11-17,0.39889187811760496
2022-11-18,0.3981513309772992
2022-11-21,0.4111129271080666
2022-11-22,0.40268732239131555
2022-11-23,0.4045119076701789
2022-11-24,0.3997595163158054
2022-11-25,0.3800815034150723
2022-11-28,0.40573572119213047
2022-11-29,0.37853667154726806
2022-11-30,0.3823548610842989
2022-12-01,0.3837384158312869
2022-12-02,0.3176790206342034
2022-12-05,0.31578697659863403
2022-12-06,0.3124346773469467
2022-12-07,0.3125817898623972
2022-12-08,0.3113912100940397
2022-12-09,0.30289779296744823
2022-12-12,0.2962088901700256
2022-12-13,0.27631952530892556
2022-12-14,0.22012383002106983
2022-12-15,0.2260137127562036
2022-12-16,0.26050085451366894
2022-12-19,0.26252036513135935
2022-12-20,0.2664488974114581
2022-12-21,0.24834759560757644
2022-12-22,0.20085825041933988
2022-12-23,0.25042913724036364
2022-12-26,0.24739081118131823
2022-12-27,0.27051966348436707
2022-12-28,0.2827239640863678
2022-12-29,0.2890133172593472
2022-12-30,0.22570122734276388
2023-01-02,0.22001704771812614
2023-01-03,0.21951192310276132
2023-01-04,0.18127127353701553
2023-01-05,0.10781526478717225
2023-01-06,0.12007497232639089
2023-01-09,0.14697539935955625
2023-01-10,0.14319087103423223
2023-01-11,0.1803363340230349
2023-01-12,0.16733621306616808
2023-01-13,0.17909458778127657
2023-01-16,0.1946913522086125
2023-01-17,0.21015112757786758
2023-01-18,0.18006866907234692
2023-01-19,0.17943388017004167
2023-01-20,0.16413129121729245
2023-01-23,0.1664247208763954
2023-01-24,0.22383509224680395
2023-01-25,0.22709778064084618
2023-01-27,0.23951334214079364
2023-01-30,0.23640598721012712
2023-01-31,0.25246247000460087
2023-02-01,0.2344904159076961
2023-02-02,0.2574086896059466
2023-02-03,0.2141864189553709
2023-02-06,0.1477419339503672
2023-02-07,0.14942572441979224
2023-02-08,0.1487193788747873
2023-02-09,0.14974394612454386
2023-02-10,0.15105900545426604
2023-02-13,0.151461083035069
2023-02-14,0.12152718101043353
2023-02-15,0.13485893913654004
2023-02-16,0.1290622466577375
2023-02-17,0.13061541705878207
2023-02-20,0.12987196495778072
2023-02-21,0.12690024757894613
2023-02-22,0.15018847438222746
2023-02-23,0.14376922715297308
2023-02-24,0.14855257967535312
2023-02-27,0.2148589118607031
2023-02-28,0.21048349102989342
2023-03-01,0.2217935695605471
2023-03-02,0.21288323124657133
2023-03-03,0.1834889952838884
2023-03-06,0.1986433021371454
2023-03-08,0.173381961545636
2023-03-09,0.1955212688047015
2023-03-10,0.15786837373712795
2023-03-13,0.07451913308967226
2023-03-14,0.005784547857522302
2023-03-15,-0.006106905260119032
2023-03-16,-0.001155537442504419
2023-03-17,0.023042904097061858
2023-03-20,-0.013236121542510729
2023-03-21,-0.08609851814562709
2023-03-22,-0.09805115787377204
2023-03-23,-0.10857859258395094
2023-03-24,-0.14162703474847052
2023-03-27,-0.14154734065961255
2023-03-28,-0.1309040489759778
2023-03-29,-0.10895612307831364
2023-03-31,-0.09303301014089375
2023-04-03,-0.07757445909536571
2023-04-05,-0.01696955172107021
2023-04-06,-0.036208799461975735
2023-04-10,-0.08620785852261835
2023-04-11,-0.09519445676421581
2023-04-12,-0.08672672503254274
2023-04-13,-0.08614439900706136
2023-04-17,-0.09117249722697994
2023-04-18,-0.08901790649274607
2023-04-19,-0.11759181205458721
2023-04-20,-0.1093416755177348
2023-04-21,-0.11013821707480977
2023-04-24,-0.12447853664975995
2023-04-25,-0.1252352935633617
2023-04-26,-0.12378269403909889
2023-04-27,-0.12385112808460291
2023-04-28,-0.13742076032225564
2023-05-02,-0.14035646163638582
2023-05-03,-0.15044945365975057
2023-05-04,-0.13348896811180697
2023-05-05,-0.1517896789070851
2023-05-08,-0.1682940831439937
2023-05-09,-0.22058915010334554
2023-05-10,-0.2184255191519253
2023-05-11,-0.22220662712213007
2023-05-12,-0.2224645391902346
2023-05-15,-0.2287843810613609
2023-05-16,-0.23310470023271554
2023-05-17,-0.19180174669912328
2023-05-18,-0.18812088018676806
2023-05-19,-0.1969978379914519
2023-05-22,-0.1769920219107886
2023-05-23,-0.18082662630846894
2023-05-24,-0.17884508792062717
2023-05-25,-0.21133770186334278
2023-05-26,-0.23243233882606185
2023-05-29,-0.24243339774617026
2023-05-30,-0.25300197700128
2023-05-31,-0.2568432618433205
2023-06-01,-0.2712843459277132
2023-06-02,-0.26477937190128364
2023-06-05,-0.2686746259977601
2023-06-06,-0.28241051009833773
2023-06-07,-0.2755323200135912
2023-06-08,-0.26127505436789217
2023-06-09,-0.2554646800271438
2023-06-12,-0.19711995476279873
2023-06-13,-0.14913053661514095
2023-06-14,-0.15768857579948561
2023-06-15,-0.16376355155465838
2023-06-16,-0.15445880543671972
2023-06-19,-0.08946765182215836
2023-06-20,-0.09982997981561964
2023-06-21,-0.09757806385798172
2023-06-22,-0.08482747169152134
2023-06-23,0.03180378634108998
2023-06-26,0.03319512155759263
2023-06-27,0.017332188937420997
2023-06-28,-0.021170994425288674
2023-06-30,-0.059354771476799364
2023-07-03,-0.042290535035092475
2023-07-04,-0.14761011605105065
2023-07-05,-0.14827269715445815
2023-07-06,-0.14890039333642677
2023-07-07,-0.10172008190066698
2023-07-10,-0.11777571826118076
2023-07-11,-0.11666135146537088
2023-07-12,-0.14211804606813036
2023-07-13,-0.14638285331678821
2023-07-14,-0.12732013773147147
2023-07-17,-0.12859843227179568
2023-07-18,-0.12341828815766274
2023-07-19,-0.07672317739376358
2023-07-20,-0.07464957014127241
2023-07-21,-0.04282842413332172
2023-07-24,-0.03093372397269748
2023-07-25,-0.03786703398242063
2023-07-26,-0.03158158928821565
2023-07-27,-0.011164771429287483
2023-07-28,-0.028821044961328014
2023-07-31,0.047326670907501915
2023-08-01,0.11595105872207201
2023-08-02,0.1945665982560044
2023-08-03,0.19074678258114947
2023-08-04,0.18139897310581038
2023-08-07,0.18820552509353997
2023-08-08,0.19033214792089875
2023-08-09,0.19739563142839606
2023-08-10,0.16713875975459477
2023-08-11,0.1588000313088545
2023-08-14,0.1821654266613104
2023-08-16,0.15501463418574682
2023-08-17,0.16246698801995935
2023-08-18,0.1715965580034874
2023-08-21,0.17705069276586005
2023-08-22,0.22915915196221956
2023-08-23,0.2311498044283181
2023-08-24,0.1991541524229865
2023-08-25,0.22440982832278902
2023-08-28,0.22843887776386657
2023-08-29,0.2259170909092335
2023-08-30,0.24513661718783908
2023-08-31,0.23040762377518675
2023-09-01,0.20028992635587278
2023-09-04,0.1716248798255158
2023-09-05,0.20840714531468768
2023-09-06,0.20243586992540638
2023-09-07,0.200787803538459
2023-09-08,0.20503069422193473
2023-09-11,0.22314944112600574
2023-09-12,0.21759868538209792
2023-09-13,0.20810016663662134
2023-09-14,0.20725732137762304
2023-09-15,0.22268737045474993
2023-09-18,0.19942918941153698
2023-09-20,0.12276758562120499
2023-09-21,0.08281886340861767
2023-09-22,0.10390163663436923
2023-09-25,0.12617197719543538
2023-09-26,0.1492037536493691
2023-09-27,0.11503951985309838
2023-09-28,0.18540747890341783
2023-09-29,0.16575852728462911
2023-10-03,0.2024418082094168
2023-10-04,0.1904031798683337
2023-10-05,0.17974034137683573
2023-10-06,0.17819254413664104
2023-10-09,0.14948791615913318
2023-10-10,0.18867097221723655
2023-10-11,0.19969199126926115
2023-10-12,0.19258360302534505
2023-10-13,0.1970452111391783
2023-10-16,0.1350297288326917
2023-10-17,0.12940324718025098
2023-10-18,0.10727002853236996
2023-10-19,0.08332241979928892
2023-10-20,0.0711725318942466
2023-10-23,0.02865683178333846
2023-10-25,0.04808706601195067
2023-10-26,0.023174823198705934
2023-10-27,0.010815447828003677
2023-10-30,0.01273083144835302
2023-10-31,-0.05393562634850701
2023-11-01,-0.04963920916899557
2023-11-02,-0.0516732305276369
2023-11-03,-0.05126932357744946
2023-11-06,-0.042166192473355985
2023-11-07,-0.03502741596359939
2023-11-08,-0.05009963547952156
2023-11-09,-0.04419687923531599
2023-11-10,-0.040030542539628435
2023-11-13,-0.041159040394516455
2023-11-15,0.015192752858194105
2023-11-16,0.005049790356662086
2023-11-17,-0.00360899620788825
2023-11-20,-0.0019525926274347736
2023-11-21,-0.0067027035602048955
2023-11-22,0.009940991159407324
2023-11-23,0.008251467653225982
2023-11-24,0.01219781703679781
2023-11-28,0.02509718793612685
2023-11-29,0.06847383592363716
2023-11-30,0.07606000911391356
2023-12-01,0.07781796639736978
2023-12-04,0.1627297806608024
2023-12-05,0.10252901767482167
2023-12-06,0.10169314446933662
2023-12-07,0.10513351734814595
2023-12-08,0.10585985171532984
2023-12-11,0.10299641585141493
2023-12-12,0.11742905154839059
2023-12-13,0.12414836140030985
2023-12-14,0.12667842336894505
2023-12-15,0.18856113940445832
2023-12-18,0.19924049514072648
2023-12-19,0.21778891025966915
2023-12-20,0.2059259795332703
2023-12-21,0.1893994687927466
2023-12-22,0.1910186894789478
2023-12-26,0.193412429998028
2023-12-27,0.19392364663639247
2023-12-28,0.15975178243883503
2023-12-29,0.17504452882591098
2024-01-01,0.14505470475039414
2024-01-02,0.14713093071551078
2024-01-03,0.1546196536796505
2024-01-04,0.13072200819691973
2024-01-05,0.1474652508758339
2024-01-08,0.1337860625047544
2024-01-09,0.12727301357400395
2024-01-10,0.12996777768316253
2024-01-11,0.12719137495717886
2024-01-12,0.1468612900620061
2024-01-15,0.14679122560523933
2024-01-16,0.12294978244712745
2024-01-17,0.20121822177732082
2024-01-18,0.22980973919172462
2024-01-19,0.2781514208622401
2024-01-23,0.2536281491984599
2024-01-24,0.283815682761542
2024-01-25,0.2905717689452218
2024-01-29,0.2843148685489103
2024-01-30,0.271957564788463
2024-01-31,0.26739246249298815
2024-02-01,0.26475994331704406
2024-02-02,0.26427113644792516
2024-02-05,0.27125280619410796
2024-02-06,0.25982865763334667
2024-02-07,0.25888169741522205
2024-02-08,0.24794294741104225
2024-02-09,0.24871528766688153
2024-02-12,0.26206130647803555
2024-02-13,0.22874709340952779
2024-02-14,0.21525736385399638
2024-02-15,0.2297820866080492
2024-02-16,0.23388232704285775
2024-02-19,0.23560638061932776
2024-02-20,0.24160477302689642
2024-02-21,0.220250936982558
2024-02-22,0.21311127130418658
2024-02-23,0.20891987466751963
2024-02-26,0.16513223474827526
2024-02-27,0.16213839837874616
2024-02-28,0.15585425065614436
2024-02-29,0.07741396295306957
2024-03-01,0.1615820755782181
2024-03-04,0.16545622326354112
2024-03-05,0.1521952746473868
2024-03-06,0.1594662796079868
2024-03-07,0.16537464257004766
2024-03-11,0.11726294460800482
2024-03-12,0.11718508696966998
2024-03-13,0.1638426131345576
2024-03-14,0.10431630496763848
2024-03-15,0.11250217592353831
2024-03-18,0.11060565969153541
2024-03-19,0.13320004564642854
2024-03-20,0.13711838304284993
2024-03-21,0.1342962479013516
2024-03-22,0.1348056385891614
2024-03-26,0.1432576522774439
2024-03-27,0.1269877949261802
2024-03-28,0.13837627971384095
2024-04-01,0.15380453066544128
2024-04-02,0.14329831110670985
2024-04-03,0.13697811008553576
2024-04-04,0.18164289415721827
2024-04-05,0.18104350205666842
2024-04-08,0.1966468868245561
2024-04-09,0.2014876431391406
2024-04-10,0.20646681746920248
2024-04-12,0.19641240994884504
2024-04-15,0.22482228865414686
2024-04-16,0.23141314257793963
2024-04-18,0.24992600207076063
2024-04-19,0.18423274261653708
2024-04-22,0.17225121896683684
2024-04-23,0.12988237571239616
2024-04-24,0.12546340112410764
2024-04-25,0.11938778999737067
2024-04-26,0.10683065196506458
2024-04-29,0.11601833828657218
2024-04-30,0.12314019691722544
2024-05-02,0.10625140199421186
2024-05-03,0.11553468673324906
2024-05-06,0.11701276563299792
2024-05-07,0.08571844609256597
2024-05-08,0.10432849669256762
2024-05-09,0.11371983424070341
2024-05-10,0.11706885258777984
2024-05-13,0.1261367449420536
2024-05-14,0.08351416301297165
2024-05-15,0.09074596317667102
2024-05-16,0.14323012970646468
2024-05-17,0.14173747956630667
2024-05-21,0.14575117826726156
2024-05-22,0.14151473687155966
2024-05-23,0.05774375958428914
2024-05-24,0.0718139169918007
2024-05-27,0.08240047744484949
2024-05-28,0.08386691650389122
2024-05-29,0.07501948195780016
2024-05-30,0.10184929556444201
2024-05-31,0.10480958431815157
2024-06-03,0.013190529299868577
2024-06-04,-0.07747343010568254
2024-06-05,-0.1370616133962652
2024-06-06,-0.11895535309741914
2024-06-07,-0.1055245780103989
2024-06-10,-0.09076891612109393
2024-06-11,-0.07912931450211662
2024-06-12,-0.07930469868365168
2024-06-13,-0.10251854249532197
2024-06-14,-0.1095778726928255
2024-06-18,-0.11456571416381074
2024-06-19,-0.11397851251187796
2024-06-20,-0.1130512660776423
2024-06-21,-0.1173740669556856
2024-06-24,-0.11537097536802582
2024-06-25,-0.11530355140505072
2024-06-26,-0.12312654143530441
2024-06-27,-0.1288798530911514
2024-06-28,-0.1386551182049905
2024-07-01,-0.14721581882767723
2024-07-02,-0.1459730888244464
2024-07-03,-0.14581773668501852
2024-07-04,-0.15281679706696322
2024-07-05,-0.15141435883188978
2024-07-08,-0.16716522475563111
2024-07-09,-0.1704954747480399
2024-07-10,-0.17458032275411464
2024-07-11,-0.16950916411339356
2024-07-12,-0.1513381669454141
2024-07-15,-0.14847000422532153
2024-07-16,-0.14688129950903783
2024-07-18,-0.1381334121350249
2024-07-19,-0.14045983280249516
2024-07-22,-0.135601335778812
2024-07-23,-0.13482485470313255
2024-07-24,-0.13589157203792485
2024-07-25,-0.13516551589665768
2024-07-26,-0.18352157850654732
2024-07-29,-0.18259981123032173
2024-07-30,-0.18658426377911846
2024-07-31,-0.1840806777009288
2024-08-01,-0.18310807245673708
2024-08-02,-0.17795333131611732
2024-08-05,-0.15354054805442693
2024-08-06,-0.15235680094564863
2024-08-07,-0.16234653635989807
2024-08-08,-0.16568126971657626
2024-08-09,-0.1446990099852804
2024-08-12,-0.14410429442987183
2024-08-13,-0.17367519117776342
2024-08-14,-0.1732161668806668
2024-08-16,-0.19276747665171318
2024-08-19,-0.18767677614331815
2024-08-20,-0.16474181804598007
2024-08-21,-0.17729550824791995
2024-08-22,-0.1778000819290048
2024-08-23,-0.17498070919048825
2024-08-26,-0.15495571685321174
2024-08-27,-0.16869246910406993
2024-08-28,-0.16854134529956077
2024-08-29,-0.1381563914282419
2024-08-30,-0.07817159021742892
2024-09-02,-0.013793651940642995
2024-09-03,-0.026903400985176105
2024-09-04,-0.05468152805008354
2024-09-05,-0.0803448784484173
2024-09-06,-0.09781643700894282
2024-09-09,-0.10172606389571943
2024-09-10,-0.10737396233712786
2024-09-11,-0.10618985729324358
2024-09-12,-0.11058328554067114
2024-09-13,-0.11871256397857446
2024-09-16,-0.11985042291338655
2024-09-17,-0.11226069533383763
2024-09-18,-0.10766047754967191
2024-09-19,-0.11584985415198025
2024-09-20,-0.086299627149679
2024-09-23,-0.05956584713668127
2024-09-24,-0.054020272241048245
2024-09-25,-0.050810841092673156
2024-09-26,-0.050241410091726044
2024-09-27,-0.045755527482338215
2024-09-30,0.0012649452984487461
2024-10-01,0.0036041443771315206
2024-10-03,-0.006910051180320563
2024-10-04,0.004234689674008218
2024-10-07,0.017921976667759826
2024-10-08,0.01393224094338215
2024-10-09,-0.00917626090779611
2024-10-10,-0.008278463446679174
2024-10-11,-0.010412906561658327
2024-10-14,-0.011998721259307902
2024-10-15,-0.015290207919102737
2024-10-16,-0.027868886351917765
2024-10-17,-0.03576329720341222
2024-10-18,-0.02854949738740666
2024-10-21,-0.03347431662677627
2024-10-22,0.10007411164123638
2024-10-23,0.09826315648622207
2024-10-24,0.10135186919625395
2024-10-25,0.07690860455810894
2024-10-28,0.07160789618400529
2024-10-29,0.0755017033913365
2024-10-30,0.019185457732600112
2024-10-31,-0.0011479001459297966
2024-11-01,0.0032400099715156326
2024-11-04,0.007904968771946684
2024-11-05,-0.037711447617862645
2024-11-06,-0.03811930380923551
2024-11-07,0.08655140673730964
2024-11-08,0.07938847170255041
2024-11-11,0.11706069072577337
2024-11-12,0.18231938921268404
2024-11-13,0.19395734054776304
2024-11-14,0.19076109917170897
2024-11-18,0.1950536579988498
2024-11-19,0.21218247717750566
2024-11-21,0.1671971907161416
2024-11-22,0.19738356827209075
2024-11-25,0.22996387623269382
2024-11-26,0.2168313065530578
2024-11-27,0.2114676535188479
2024-11-28,0.20843720177507732
2024-11-29,0.22367909070880979
2024-12-02,0.22809274130054405
2024-12-03,0.21064905200140777
2024-12-04,0.22884063898962412
2024-12-05,0.23811966069872811
2024-12-06,0.23654010183977736
2024-12-09,0.23846444564123204
2024-12-10,0.2514968837630116
2024-12-11,0.259445234016921
2024-12-12,0.2467783145699217
2024-12-13,0.20583265369086753
2024-12-16,0.21096194324158843
2024-12-17,0.21158456041944093
2024-12-18,0.20173603403181709
2024-12-19,0.19235130977341414
2024-12-20,0.22718724747303476
2024-12-23,0.23918132295365183
2024-12-24,0.23502210113049143
2024-12-26,0.23635669899096637
2024-12-27,0.22414950983347257
2024-12-30,0.23159304152703022
2024-12-31,0.2606171130524567
2025-01-01,0.26964788434925313
2025-01-02,0.2846668987761668
2025-01-03,0.2689368139427478
2025-01-06,0.27742527377077736
2025-01-07,0.27551447581424526
2025-01-08,0.27579677507981826
2025-01-09,0.2574222094863675
2025-01-10,0.25143930204300646
2025-01-13,0.22480119264752504
2025-01-14,0.2174812526600373
2025-01-15,0.21316615258045038
2025-01-16,0.22647733007004767
2025-01-17,0.22633332604562664
2025-01-20,0.22678937536187596
2025-01-21,0.225045531091131
2025-01-22,0.24157089630467668
2025-01-23,0.24219447148085435
2025-01-24,0.24338889679640066
2025-01-27,0.23916773788287554
2025-01-28,0.22534524597456188
2025-01-29,0.2616948860566863
2025-01-30,0.2659104017767856
2025-01-31,0.298993903274779
2025-02-01,0.30171624312058143
2025-02-03,0.2674618404081973
2025-02-04,0.2845304035758367
2025-02-05,0.28256963542904573
2025-02-06,0.23930938038108282
2025-02-07,0.23024378555358035
2025-02-10,0.2246873121616159
2025-02-11,0.17494126418897427
2025-02-12,0.16953225044507067
2025-02-13,0.19122855887625137
2025-02-14,0.1618620357498336
2025-02-17,0.12684341078017097
2025-02-18,0.13893375103749522
2025-02-19,0.1375988369567805
2025-02-20,0.1343742030512684
2025-02-21,0.1151833480031492
2025-02-24,0.1122757973835759
2025-02-25,0.13941966129232805
2025-02-27,0.13200887156387114
2025-02-28,0.17835088961878806
2025-03-03,0.16973433630577717
2025-03-04,0.16591081998247229
2025-03-05,0.17617920736479836
2025-03-06,0.16978807065469081
2025-03-07,0.17901257809600588
2025-03-10,0.23954032430456573
2025-03-11,0.2297307089592718
2025-03-12,0.22402702172950562
2025-03-13,0.21499470467097448
2025-03-17,0.22508841649079717
2025-03-18,0.15792852705519783
2025-03-19,0.1456272543546639
2025-03-20,0.13461105119035105
2025-03-21,0.1313124548776129
2025-03-24,0.0912871792398423
2025-03-25,0.07318873486078943
2025-03-26,0.07088403913688714
2025-03-27,0.06950356330806755
2025-03-28,0.03228936899873781
2025-04-01,-0.019745873047737904
2025-04-02,-0.061984147572955776
2025-04-03,-0.059653599984130036
2025-04-04,0.004184224629037103
2025-04-07,0.1998050353911347
2025-04-08,0.11598267619782485
2025-04-09,0.13489621632166793
2025-04-11,0.2829772248083445
2025-04-15,0.30739971861196635
2025-04-16,0.30396465497653935
2025-04-17,0.3587704947906199
2025-04-21,0.3450412839359532
2025-04-22,0.33640984095628407
2025-04-23,0.33158990417210166
2025-04-24,0.3283495256895604
2025-04-25,0.3061996660665194
2025-04-28,0.28296059489695896
2025-04-29,0.2936678867930569
2025-04-30,0.2890587689744189
2025-05-02,0.27728460811497707
2025-05-05,0.2641241438914317
2025-05-06,0.24907928268375268
2025-05-07,0.24198143307608516
2025-05-08,0.24616241081810789
2025-05-09,0.2726797389503209
2025-05-12,0.2782879651169503
2025-05-13,0.31196152221947815
2025-05-14,0.31583302983272304
2025-05-15,0.3059667216954366
2025-05-16,0.30144444413029114
2025-05-19,0.30444900308557354
2025-05-20,0.2891749490374826
2025-05-21,0.29225219689187565
2025-05-22,0.28398857380962467
2025-05-23,0.2805797967189908
2025-05-26,0.27852157952684004
2025-05-27,0.2637500964834566
2025-05-28,0.26810568770927384
2025-05-29,0.26777310125488984
2025-05-30,0.2642623180410957
2025-06-02,0.2502326221311645
2025-06-03,0.22706173307384742
2025-06-04,0.23219687119526963
2025-06-05,0.23130481789679566
2025-06-06,0.22383961118653548
2025-06-09,0.22073844646269541
2025-06-10,0.21802599263529676
2025-06-11,0.21820449143386156
2025-06-12,0.2199059721119343
2025-06-13,0.2091640764039977
2025-06-16,0.2126366105441889
2025-06-17,0.22010128954666072
2025-06-18,0.22015222117081137
2025-06-19,0.22397607868409464
2025-06-20,0.22159700367763627
2025-06-23,0.23811402958811442
2025-06-24,0.23814314283464882
2025-06-25,0.22541575062997624
2025-06-26,0.22567961006162893
2025-06-27,0.23135021111892368
2025-06-30,0.2754772731835249
2025-07-01,0.276730870389462
2025-07-02,0.273262448051605
2025-07-03,0.25682286036123164
2025-07-04,0.1838821298369419
2025-07-07,0.22658184087711036
2025-07-08,0.23164945522049535
2025-07-09,0.1416680918399713
2025-07-10,0.10803117834686878
2025-07-11,0.10381711576526896
2025-07-14,0.028009436187311873
2025-07-15,0.03619113657143022
2025-07-16,0.03306110416011429
2025-07-17,0.029301909686515807
2025-07-18,0.011645141298087202
2025-07-21,0.03932616988292646
2025-07-22,0.06477153166484775
2025-07-23,0.0753110199503175
2025-07-24,0.08898911078509246
2025-07-25,0.10566556711066354
2025-07-28,0.11313787589220237
2025-07-29,0.12377434004283858
2025-07-30,0.1252635124707157
2025-07-31,0.12181946882460432
2025-08-01,0.07349320302452278
2025-08-04,0.010950342018244153
2025-08-05,-0.130178691059253
2025-08-06,-0.13733988602029396
2025-08-07,-0.05777916907564815
2025-08-08,-0.06643083725414292
2025-08-11,-0.04732435877032328
2025-08-12,0.023429972363346128
2025-08-13,-0.003160346096846541
2025-08-14,0.018203064984813735
2025-08-18,0.01316949419226256
2025-08-19,0.011719122060493138
2025-08-20,0.05593828073534209
2025-08-21,0.041006230004607375
2025-08-22,0.048275550930062784
2025-08-25,0.06880232887624213
2025-08-26,0.06521460646799065
2025-08-28,0.09994582711183352
2025-08-29,0.09912001825110574
2025-09-01,0.08612457354909807
2025-09-02,0.10584864632468974
2025-09-03,0.1524447542692615
2025-09-04,0.15402139303876805
2025-09-05,0.15427280115105685
2025-09-08,0.15783609045651983
2025-09-09,0.20697793706314355
2025-09-10,0.17287151922511637
2025-09-11,0.16057512821671674
2025-09-12,0.15317101846318243
2025-09-15,0.15107915229625557
2025-09-16,0.17473724220722736
2025-09-17,0.1611888268172965
2025-09-18,0.1553115659093534
2025-09-19,0.236014145683081
2025-09-22,0.22704917725458812
2025-09-23,0.2142593730779286
2025-09-24,0.17389260700870357
2025-09-25,0.2014738620089386
2025-09-26,0.2137015480402723
2025-09-29,0.21211969043743686
2025-09-30,0.21704117280703533
2025-10-01,0.22121649633074883
2025-10-03,0.22108645486231782
